[
  {
    "wid": "13765",
    "formWid": "1130",
    "fieldType": 2,
    "title": "你的学生类别",
    "description": "",
    "minLength": 0,
    "sort": "1",
    "maxLength": null,
    "isRequired": 1,
    "imageCount": null,
    "hasOtherItems": 0,
    "colName": "field001",
    "value": "",
    "minValue": 0.0,
    "maxValue": 0.0,
    "isDecimal": true,
    "fieldItems": [
      {
        "itemWid": "68528",
        "content": "专科生",
        "isOtherItems": 0,
        "contendExtend": "",
        "isSelected": null
      },
      {
        "itemWid": "68529",
        "content": "本科生",
        "isOtherItems": 0,
        "contendExtend": "",
        "isSelected": 1
      },
      {
        "itemWid": "68530",
        "content": "研究生",
        "isOtherItems": 0,
        "contendExtend": "",
        "isSelected": null
      }
    ]
  },
  {
    "wid": "13766",
    "formWid": "1130",
    "fieldType": 2,
    "title": "你的生源地",
    "description": "",
    "minLength": 0,
    "sort": "2",
    "maxLength": null,
    "isRequired": 1,
    "imageCount": null,
    "hasOtherItems": 0,
    "colName": "field002",
    "value": "",
    "minValue": 0.0,
    "maxValue": 0.0,
    "isDecimal": true,
    "fieldItems": [
      {
        "itemWid": "68531",
        "content": "内地",
        "isOtherItems": 0,
        "contendExtend": "",
        "isSelected": 1
      },
      {
        "itemWid": "68532",
        "content": "港澳台",
        "isOtherItems": 0,
        "contendExtend": "",
        "isSelected": null
      },
      {
        "itemWid": "68533",
        "content": "留学生",
        "isOtherItems": 0,
        "contendExtend": "",
        "isSelected": null
      }
    ]
  },
  {
    "wid": "13767",
    "formWid": "1130",
    "fieldType": 2,
    "title": "你的健康状态",
    "description": "注意！以医院诊断信息为准，请勿错填！",
    "minLength": 0,
    "sort": "3",
    "maxLength": null,
    "isRequired": 1,
    "imageCount": null,
    "hasOtherItems": 0,
    "colName": "field003",
    "value": "",
    "minValue": 0.0,
    "maxValue": 0.0,
    "isDecimal": true,
    "fieldItems": [
      {
        "itemWid": "68534",
        "content": "健康",
        "isOtherItems": 0,
        "contendExtend": "",
        "isSelected": 1
      },
      {
        "itemWid": "68535",
        "content": "疑似病例",
        "isOtherItems": 0,
        "contendExtend": "",
        "isSelected": null
      },
      {
        "itemWid": "68536",
        "content": "确诊病例",
        "isOtherItems": 0,
        "contendExtend": "",
        "isSelected": null
      }
    ]
  },
  {
    "wid": "13768",
    "formWid": "1130",
    "fieldType": 2,
    "title": "你是否有发热、感冒、咳嗽、呼吸困难等症状",
    "description": "如出现任意一种症状，请选择“是”",
    "minLength": 0,
    "sort": "4",
    "maxLength": null,
    "isRequired": 1,
    "imageCount": null,
    "hasOtherItems": 0,
    "colName": "field004",
    "value": "",
    "minValue": 0.0,
    "maxValue": 0.0,
    "isDecimal": true,
    "fieldItems": [
      {
        "itemWid": "68537",
        "content": "是",
        "isOtherItems": 0,
        "contendExtend": "",
        "isSelected": null
      },
      {
        "itemWid": "68538",
        "content": "否",
        "isOtherItems": 0,
        "contendExtend": "",
        "isSelected": 1
      }
    ]
  },
  {
    "wid": "13769",
    "formWid": "1130",
    "fieldType": 2,
    "title": "你是否因感染新冠肺炎就诊或住院",
    "description": "注意！以医院诊断信息为准，请勿错填！",
    "minLength": 0,
    "sort": "5",
    "maxLength": null,
    "isRequired": 1,
    "imageCount": null,
    "hasOtherItems": 0,
    "colName": "field005",
    "value": "",
    "minValue": 0.0,
    "maxValue": 0.0,
    "isDecimal": true,
    "fieldItems": [
      {
        "itemWid": "68539",
        "content": "无",
        "isOtherItems": 0,
        "contendExtend": "",
        "isSelected": 1
      },
      {
        "itemWid": "68540",
        "content": "就诊",
        "isOtherItems": 0,
        "contendExtend": "",
        "isSelected": null
      },
      {
        "itemWid": "68541",
        "content": "住院",
        "isOtherItems": 0,
        "contendExtend": "",
        "isSelected": null
      }
    ]
  },
  {
    "wid": "13770",
    "formWid": "1130",
    "fieldType": 1,
    "title": "如果就诊或住院，请填写你去的医院名称（未就诊、住院的不填）",
    "description": "",
    "minLength": 1,
    "sort": "6",
    "maxLength": 300,
    "isRequired": 0,
    "imageCount": null,
    "hasOtherItems": 0,
    "colName": "field006",
    "value": "",
    "minValue": 0.0,
    "maxValue": 0.0,
    "isDecimal": true,
    "fieldItems": []
  },
  {
    "wid": "13771",
    "formWid": "1130",
    "fieldType": 2,
    "title": "你当前是否被隔离",
    "description": "这里指的隔离是指：由社区、街道或当地政府、医院认定要求的。",
    "minLength": 0,
    "sort": "7",
    "maxLength": null,
    "isRequired": 1,
    "imageCount": null,
    "hasOtherItems": 0,
    "colName": "field007",
    "value": "",
    "minValue": 0.0,
    "maxValue": 0.0,
    "isDecimal": true,
    "fieldItems": [
      {
        "itemWid": "68542",
        "content": "是",
        "isOtherItems": 0,
        "contendExtend": "",
        "isSelected": null
      },
      {
        "itemWid": "68543",
        "content": "否",
        "isOtherItems": 0,
        "contendExtend": "",
        "isSelected": 1
      }
    ]
  },
  {
    "wid": "13772",
    "formWid": "1130",
    "fieldType": 2,
    "title": "如果被隔离，请选择你的隔离方式（未被隔离的不填）",
    "description": "这里指的隔离是指：由社区、街道或当地政府、医院认定要求的。",
    "minLength": 0,
    "sort": "8",
    "maxLength": null,
    "isRequired": 0,
    "imageCount": null,
    "hasOtherItems": 0,
    "colName": "field008",
    "value": "",
    "minValue": 0.0,
    "maxValue": 0.0,
    "isDecimal": true,
    "fieldItems": [
      {
        "itemWid": "68544",
        "content": "居家隔离",
        "isOtherItems": 0,
        "contendExtend": "",
        "isSelected": null
      },
      {
        "itemWid": "68545",
        "content": "集中隔离",
        "isOtherItems": 0,
        "contendExtend": "",
        "isSelected": null
      }
    ]
  },
  {
    "wid": "13773",
    "formWid": "1130",
    "fieldType": 1,
    "title": "如果被隔离，请填写目前被隔离的地址（未被隔离的不填）",
    "description": "请按格式详细填写，如：江苏省南京市江宁区利源南路55号1幢2单元303室",
    "minLength": 1,
    "sort": "9",
    "maxLength": 300,
    "isRequired": 0,
    "imageCount": null,
    "hasOtherItems": 0,
    "colName": "field009",
    "value": "",
    "minValue": 0.0,
    "maxValue": 0.0,
    "isDecimal": true,
    "fieldItems": []
  },
  {
    "wid": "13774",
    "formWid": "1130",
    "fieldType": 2,
    "title": "春节期间，你是否在校",
    "description": "",
    "minLength": 0,
    "sort": "10",
    "maxLength": null,
    "isRequired": 1,
    "imageCount": null,
    "hasOtherItems": 0,
    "colName": "field010",
    "value": "",
    "minValue": 0.0,
    "maxValue": 0.0,
    "isDecimal": true,
    "fieldItems": [
      {
        "itemWid": "68546",
        "content": "是",
        "isOtherItems": 0,
        "contendExtend": "",
        "isSelected": null
      },
      {
        "itemWid": "68547",
        "content": "否",
        "isOtherItems": 0,
        "contendExtend": "",
        "isSelected": 1
      }
    ]
  },
  {
    "wid": "13775",
    "formWid": "1130",
    "fieldType": 2,
    "title": "你目前是否在校",
    "description": "",
    "minLength": 0,
    "sort": "11",
    "maxLength": null,
    "isRequired": 1,
    "imageCount": null,
    "hasOtherItems": 0,
    "colName": "field011",
    "value": "",
    "minValue": 0.0,
    "maxValue": 0.0,
    "isDecimal": true,
    "fieldItems": [
      {
        "itemWid": "68548",
        "content": "是",
        "isOtherItems": 0,
        "contendExtend": "",
        "isSelected": null
      },
      {
        "itemWid": "68549",
        "content": "否",
        "isOtherItems": 0,
        "contendExtend": "",
        "isSelected": 1
      }
    ]
  },
  {
    "wid": "13776",
    "formWid": "1130",
    "fieldType": 1,
    "title": "你目前所在城市",
    "description": "国内请选择省/市/区（县）；海外请选择海外/州/国家",
    "minLength": 1,
    "sort": "12",
    "maxLength": 300,
    "isRequired": 1,
    "imageCount": -2,
    "hasOtherItems": 0,
    "colName": "field012",
    "value": "安徽省/宿州市/灵璧县",
    "minValue": 0.0,
    "maxValue": 0.0,
    "isDecimal": true,
    "fieldItems": []
  },
  {
    "wid": "13777",
    "formWid": "1130",
    "fieldType": 2,
    "title": "你是否已返回 或 从未离开学校所在的城市",
    "description": "",
    "minLength": 0,
    "sort": "13",
    "maxLength": null,
    "isRequired": 1,
    "imageCount": null,
    "hasOtherItems": 0,
    "colName": "field013",
    "value": "",
    "minValue": 0.0,
    "maxValue": 0.0,
    "isDecimal": true,
    "fieldItems": [
      {
        "itemWid": "68550",
        "content": "是",
        "isOtherItems": 0,
        "contendExtend": "",
        "isSelected": null
      },
      {
        "itemWid": "68551",
        "content": "否",
        "isOtherItems": 0,
        "contendExtend": "",
        "isSelected": 1
      }
    ]
  },
  {
    "wid": "13778",
    "formWid": "1130",
    "fieldType": 2,
    "title": "你是否确定返回学校的时间",
    "description": "",
    "minLength": 0,
    "sort": "14",
    "maxLength": null,
    "isRequired": 1,
    "imageCount": null,
    "hasOtherItems": 0,
    "colName": "field014",
    "value": "",
    "minValue": 0.0,
    "maxValue": 0.0,
    "isDecimal": true,
    "fieldItems": [
      {
        "itemWid": "68552",
        "content": "是",
        "isOtherItems": 0,
        "contendExtend": "",
        "isSelected": null
      },
      {
        "itemWid": "68553",
        "content": "否",
        "isOtherItems": 0,
        "contendExtend": "",
        "isSelected": 1
      }
    ]
  },
  {
    "wid": "13779",
    "formWid": "1130",
    "fieldType": 1,
    "title": "如果已确定，请选择你的返回时间（未确定的不填）",
    "description": "",
    "minLength": 1,
    "sort": "15",
    "maxLength": 300,
    "isRequired": 0,
    "imageCount": -1,
    "hasOtherItems": 0,
    "colName": "field015",
    "value": "",
    "minValue": 0.0,
    "maxValue": 0.0,
    "isDecimal": true,
    "fieldItems": []
  },
  {
    "wid": "13780",
    "formWid": "1130",
    "fieldType": 2,
    "title": "近1个月，你是否去过湖北或接触过湖北地区的人员",
    "description": "",
    "minLength": 0,
    "sort": "16",
    "maxLength": null,
    "isRequired": 1,
    "imageCount": null,
    "hasOtherItems": 0,
    "colName": "field016",
    "value": "",
    "minValue": 0.0,
    "maxValue": 0.0,
    "isDecimal": true,
    "fieldItems": [
      {
        "itemWid": "68554",
        "content": "是",
        "isOtherItems": 0,
        "contendExtend": "",
        "isSelected": null
      },
      {
        "itemWid": "68555",
        "content": "否",
        "isOtherItems": 0,
        "contendExtend": "",
        "isSelected": 1
      }
    ]
  },
  {
    "wid": "13781",
    "formWid": "1130",
    "fieldType": 2,
    "title": "近1个月，你是否接触过确诊感染新冠病毒的人员",
    "description": "",
    "minLength": 0,
    "sort": "17",
    "maxLength": null,
    "isRequired": 1,
    "imageCount": null,
    "hasOtherItems": 0,
    "colName": "field017",
    "value": "",
    "minValue": 0.0,
    "maxValue": 0.0,
    "isDecimal": true,
    "fieldItems": [
      {
        "itemWid": "68556",
        "content": "是",
        "isOtherItems": 0,
        "contendExtend": "",
        "isSelected": null
      },
      {
        "itemWid": "68557",
        "content": "否",
        "isOtherItems": 0,
        "contendExtend": "",
        "isSelected": 1
      }
    ]
  },
  {
    "wid": "13782",
    "formWid": "1130",
    "fieldType": 2,
    "title": "近1个月，你是否接触过疑似感染新冠病毒的人员",
    "description": "",
    "minLength": 0,
    "sort": "18",
    "maxLength": null,
    "isRequired": 1,
    "imageCount": null,
    "hasOtherItems": 0,
    "colName": "field018",
    "value": "",
    "minValue": 0.0,
    "maxValue": 0.0,
    "isDecimal": true,
    "fieldItems": [
      {
        "itemWid": "68558",
        "content": "是",
        "isOtherItems": 0,
        "contendExtend": "",
        "isSelected": null
      },
      {
        "itemWid": "68559",
        "content": "否",
        "isOtherItems": 0,
        "contendExtend": "",
        "isSelected": 1
      }
    ]
  },
  {
    "wid": "13783",
    "formWid": "1130",
    "fieldType": 2,
    "title": "如果有密切接触，请选择你和密切接触（疑似/确诊/湖北）人员的关系（没有接触的不填）",
    "description": "",
    "minLength": 0,
    "sort": "19",
    "maxLength": null,
    "isRequired": 0,
    "imageCount": null,
    "hasOtherItems": 0,
    "colName": "field019",
    "value": "",
    "minValue": 0.0,
    "maxValue": 0.0,
    "isDecimal": true,
    "fieldItems": [
      {
        "itemWid": "68560",
        "content": "亲友及其他",
        "isOtherItems": 0,
        "contendExtend": "",
        "isSelected": null
      },
      {
        "itemWid": "68561",
        "content": "同事",
        "isOtherItems": 0,
        "contendExtend": "",
        "isSelected": null
      }
    ]
  },
  {
    "wid": "13784",
    "formWid": "1130",
    "fieldType": 2,
    "title": "过去14天，是否有你的共同居住者（家属或合租者）从其他城市返回情况",
    "description": "",
    "minLength": 0,
    "sort": "20",
    "maxLength": null,
    "isRequired": 1,
    "imageCount": null,
    "hasOtherItems": 0,
    "colName": "field020",
    "value": "",
    "minValue": 0.0,
    "maxValue": 0.0,
    "isDecimal": true,
    "fieldItems": [
      {
        "itemWid": "68562",
        "content": "是",
        "isOtherItems": 0,
        "contendExtend": "",
        "isSelected": null
      },
      {
        "itemWid": "68563",
        "content": "否",
        "isOtherItems": 0,
        "contendExtend": "",
        "isSelected": 1
      }
    ]
  },
  {
    "wid": "13785",
    "formWid": "1130",
    "fieldType": 1,
    "title": "如果有，请选择共同居住者返回城市（没有从其他城市返回的不填）",
    "description": "国内请选择省/市/区（县）；海外请选择海外/州/国家",
    "minLength": 1,
    "sort": "21",
    "maxLength": 300,
    "isRequired": 0,
    "imageCount": -2,
    "hasOtherItems": 0,
    "colName": "field021",
    "value": "",
    "minValue": 0.0,
    "maxValue": 0.0,
    "isDecimal": true,
    "fieldItems": []
  }
]